ID,FirstName,LastName,Gender,Job,Annual Salary($),StateID
1,Maya,Lewis,Female,Fabricator,29176,43
2,Brooklyn,Phillips,Female,Cook,34289,22
3,Makena,Booth,Female,Bookkeeper,46730,43
4,Alba,Willis,Female,Chef Manager,30137,4
5,Boris,Callan,Male,Cash Manager,39641,40
6,Leroy,Coleman,Male,Healthcare Specialist,16276,47
7,Christy,Dempsey,Female,Call Center Representative,22658,48
8,Mike,Paterson,Male,Machine Operator,42355,21
9,Cecilia,Slater,Female,CNC Operator,41373,21
10,Cristal,Evans,Female,Service Supervisor,36010,9
11,Lucy,Potter,Female,Insurance Broker,46836,7
12,Marvin,Hunt,Male,Web Developer,14564,36
13,Brad,Fall,Male,Loan Officer,25317,50
14,Daron,Dwyer,Male,Baker,30285,14
15,Gil,Dowson,Male,Software Engineer,41481,2
16,Cedrick,Roberts,Male,HR Coordinator,21305,49
17,Elise,Walker,Female,Electrician,38475,13
18,Vivian,Turner,Female,Healthcare Specialist,17040,1
19,Phillip,Watson,Male,Health Educator,43795,34
20,Rebecca,Cooper,Female,Accountant,37036,15
21,Owen,Gosling,Male,Business Broker,10748,9
22,Natalie,Allen,Female,Systems Administrator,10989,17
23,Hope,Walton,Female,Production Painter,10520,42
24,Jayden,Purvis,Male,Audiologist,22328,45
25,Brooklyn,Vinton,Female,Project Manager,48770,7
26,Gabriel,Mould,Male,Restaurant Manager,43678,50
27,Kamila,Cork,Female,Stockbroker,23272,33
28,Abbey,Alldridge,Female,Software Engineer,27767,7
29,Bart,Purvis,Male,Assistant Buyer,20850,29
30,Lexi,Jarvis,Female,Pharmacist,17951,23
31,Greta,Tennant,Female,Designer,43874,39
32,Hannah,Yarwood,Female,CNC Operator,20266,25
33,Leah,Welsch,Female,Cook,10332,32
34,Jaylene,Flanders,Female,Clerk,26571,12
35,Aisha,Norris,Female,Laboratory Technician,17950,18
36,Josh,Porter,Male,Lecturer,24176,39
37,Fred,Watson,Male,HR Specialist,13717,25
38,Sofia,Martin,Female,Web Developer,42767,22
39,Julian,Harris,Male,Chef Manager,31940,8
40,Rosalee,Egerton,Female,Pharmacist,15293,27
41,Tara,Chapman,Female,Software Engineer,44393,41
42,Russel,Vernon,Male,Accountant,39009,18
43,Elise,Willson,Female,Baker,46506,30
44,Leroy,Underhill,Male,Treasurer,34793,31
45,Celina,Mould,Female,Inspector,48279,42
46,Rufus,Varley,Male,Inspector,35004,2
47,Mark,Quinton,Male,Stockbroker,41617,49
48,Rick,Rowan,Male,Doctor,47852,5
49,Ramon,Moran,Male,Associate Professor,18178,45
50,Rocco,Fenton,Male,Bookkeeper,30639,12
51,Martin,Robinson,Male,Cash Manager,32728,45
52,Denis,Richardson,Male,Stockbroker,35932,10
53,Wendy,Skinner,Female,HR Specialist,39806,13
54,Judith,Shields,Female,Chef Manager,15426,1
55,Leanne,Osman,Female,Healthcare Specialist,39351,28
56,Aiden,Page ,Male,Baker,17967,8
57,Danny,Radcliffe,Male,Budget Analyst,37727,35
58,Carmen,Gardner,Female,Bookkeeper,48768,23
59,Anne,Weldon,Female,Chef Manager,45771,25
60,Daron,Callan,Male,Auditor,35566,30
61,Agnes,Potts,Female,Mobile Developer,14407,19
62,Alex,Thorpe,Female,Audiologist,22250,33
63,Tony,Redfern,Male,Insurance Broker,14102,10
64,Gemma,Mcguire,Female,Cashier,36358,38
65,Eduardo,Yarwood,Male,Pharmacist,14313,17
66,Harvey,Ellery,Male,Service Supervisor,13199,34
67,Jasmine,Chester,Female,Lecturer,43962,14
68,Adina,Verdon,Female,Mobile Developer,25651,36
69,Matthew,Cork,Male,IT Support Staff,35305,37
70,Russel,Everett,Male,Web Developer,22114,42
71,Doris,Morrow,Female,Bellman,31325,45
72,Gil,Wilkinson,Male,Treasurer,28468,12
73,Erick,Knight,Male,Assistant Buyer,34787,42
74,Jack,Willis,Male,Audiologist,47528,1
75,Courtney,Rossi,Female,Mobile Developer,28208,43
76,Amy,Collis,Female,Service Supervisor,43364,15
77,Boris,Blackwall,Male,Designer,29585,29
78,Boris,Ballard,Male,Electrician,49423,13
79,Darlene,Owen,Female,Lecturer,44988,12
80,Denny,Middleton,Male,HR Specialist,25247,43
81,Elisabeth,Owen,Female,Systems Administrator,31590,20
82,Russel,Bell,Male,Audiologist,27227,15
83,Boris,Holmes,Male,Physician,34036,37
84,Angelina,Sawyer,Female,Inspector,12860,20
85,Hadley,Gray,Female,Business Broker,39124,31
86,Hayden,Parker,Male,Audiologist,44597,2
87,Sofia,Wigley,Female,Audiologist,47458,12
88,Luke,Addley,Male,Bookkeeper,15067,28
89,Gil,Shaw,Male,Physician,49597,17
90,Nathan,Farrow,Male,Assistant Buyer,36903,29
91,Jayden,Horton,Male,Global Logistics Supervisor,37798,33
92,Margaret,Dwyer,Female,Fabricator,16468,38
93,Ellen,Welsch,Female,Production Painter,12529,50
94,Gabriel,Duvall,Male,Paramedic,37981,29
95,Hank,Salt,Male,Investment  Advisor,36854,39
96,Marissa,Rogers,Female,Chef Manager,46476,25
97,Peter,Plumb,Male,Stockbroker,32975,25
98,Claire,Raven,Female,Production Painter,33213,3
99,Vicky,Brett,Female,Food Technologist,12778,34
100,Janice,Larkin,Female,Staffing Consultant,49749,33
101,Percy,Emmott,Male,Restaurant Manager,29948,19
102,Lily,Wright,Female,Laboratory Technician,13491,47
103,Kurt,Lakey,Male,Steward,38029,44
104,Nick,Butler,Male,Operator,42469,49
105,Bob,Farrell,Male,Clerk,43741,44
106,Julian,Wooldridge,Male,Dentist,37255,36
107,Lorraine,Tyler,Female,CNC Operator,39716,38
108,Rachael,Donovan,Female,Cash Manager,40495,1
109,David,Upsdell,Male,Executive Director,26279,20
110,Hank,Connor,Male,Associate Professor,12396,17
111,Danny,Norman,Male,Bellman,16946,21
112,Chadwick,Styles,Male,Dentist,18821,33
113,Sebastian,Sawyer,Male,Dentist,44802,37
114,Maxwell,Burge,Male,Healthcare Specialist,22935,46
115,Penelope,Curtis,Female,Electrician,26740,23
116,Gabriel,Chappell,Male,Lecturer,33693,30
117,Abbey,Brown,Female,Web Developer,39250,42
118,Mavis,Torres,Female,Web Developer,34406,22
119,Robyn,James,Female,Service Supervisor,29938,43
120,Sebastian,Alldridge,Male,Treasurer,18033,49
121,Michael,Baker,Male,Healthcare Specialist,15577,45
122,Tess,Gonzales,Female,Lecturer,13556,15
123,Valentina,Saunders,Female,Treasurer,10473,46
124,Stephanie,Eaton,Female,Steward,39492,24
125,Johnny,Tennant,Male,Cook,43693,36
126,Sebastian,Spencer,Male,Physician,31690,24
127,Alexander,Lewin,Male,Health Educator,32519,47
128,Angelica,Hood,Female,Web Developer,12563,13
129,Jamie,Dale,Female,Health Educator,27145,6
130,Adeline,Graham,Female,Associate Professor,32829,6
131,Noah,Cooper,Male,Physician,27371,32
132,Michaela,Emerson,Female,Designer,31549,38
133,Bryon,Evans,Male,Bookkeeper,28372,23
134,Celia,Parker,Female,Business Broker,25044,49
135,Carolyn,Norman,Female,Food Technologist,42630,18
136,Nicholas,Lewin,Male,Biologist,35055,42
137,Monica,Morris,Female,HR Coordinator,23932,30
138,Nicholas,Heaton,Male,Business Broker,36582,4
139,Manuel,Vinton,Male,Pharmacist,36129,33
140,Parker,Kent,Female,Machine Operator,26396,8
141,Boris,Scott,Male,Stockbroker,34487,8
142,Wade,Thomson,Male,Bellman,25177,5
143,Peter,Powell,Male,Restaurant Manager,21096,33
144,Lara,Avery,Female,CNC Operator,17742,35
145,Chuck,Watson,Male,Banker,28134,9
146,Margot,Talbot,Female,Pharmacist,46952,18
147,Hazel,Ross,Female,Healthcare Specialist,32118,14
148,Belinda,Bolton,Female,Laboratory Technician,29555,29
149,Harmony,Saunders,Female,Chef Manager,27975,33
150,Drew,Lindsay,Female,Loan Officer,46541,4

